<?xml version="1.0" encoding="UTF-8"?>
<project-private xmlns="http://www.netbeans.org/ns/project-private/1">
    <editor-bookmarks xmlns="http://www.netbeans.org/ns/editor-bookmarks/2" lastBookmarkId="0"/>
    <open-files xmlns="http://www.netbeans.org/ns/projectui-open-files/2">
        <group>
            <file>file:/C:/Users/User/Desktop/NCKU/MICROPROCESSOR/LABS/LABXI.X/main.c</file>
            <file>file:/C:/Users/User/Desktop/NCKU/MICROPROCESSOR/LABS/LABXI.X/setting_hardaware/setting.c</file>
            <file>file:/C:/Users/User/Desktop/NCKU/MICROPROCESSOR/LABS/LABXI.X/setting_hardaware/ccp1.c</file>
            <file>file:/C:/Users/User/Desktop/NCKU/MICROPROCESSOR/LABS/LABXI.X/setting_hardaware/adc.c</file>
            <file>file:/C:/Users/User/Desktop/NCKU/MICROPROCESSOR/LABS/LABXI.X/setting_hardaware/uart.c</file>
        </group>
    </open-files>
</project-private>
